configuration,paired_pages,pearson_r,p_value
surya/raw,22,-0.01798805620357312,0.9366726349771296
surya/processed,40,-0.5232352625417435,0.000531603938525423
tesseract/raw,40,-0.5811130791205629,8.429777594856968e-05
tesseract/processed,40,-0.6299500921440199,1.3271341912891883e-05
